Longitude,Latitude,District,Stability,Rainfall,Vegetation,River_distance,Slope,GroundTruth,Prediction
107.47480501085828,-6.658868535423923,Yogyakarta,0.2685457087477458,4644.112559969573,0.5602574210712099,35.37189569415713,31.376539276717963,0,0
108.6217150153879,-6.674948389053726,Bogor,0.4549383386416905,5892.321678145623,0.37322762113739516,47.141595082811406,29.540481547231586,1,1
109.62705658207612,-6.93315200053265,Bogor,0.5889510538890572,4820.03880044313,0.30310861994436905,31.616594268991214,15.57928039603685,0,0
108.45939920736087,-7.387870677163059,Bogor,0.6898525451905686,5602.293891493608,0.37273822573435234,47.395308023210994,32.90041520315687,1,1
107.60007580287784,-7.433970790189713,Yogyakarta,0.22683985290080583,4905.383065404029,0.556714376499943,14.597075393039768,28.618123529394293,0,0
107.24787660484131,-7.289890951145082,Yogyakarta,0.343285401910862,5595.235358990554,0.5097934905614132,37.020659772384846,29.336807300336787,0,0
107.96473586813022,-6.683029428938144,Cianjur,0.30760039074829454,4518.1271855467785,0.5413963518309854,24.93997658786355,7.8664279803374075,0,0
107.51163998288143,-7.41655689161961,Bogor,0.2720116455440691,4776.144659419581,0.3332116538645543,30.73473663040737,13.582485356938271,1,1
109.2316808863046,-6.960095110296957,Bogor,0.2969042523460336,4780.6982958187755,0.393669199113704,26.546986851438906,7.224866924030201,1,1
109.4058231162905,-7.174683145469391,Bogor,0.22387673698806215,5454.619757884479,0.25121151417921006,27.596469583862838,28.742788357763292,0,0
108.20823506763962,-6.952309167515878,Semarang,0.5454395103408805,5043.892599402853,0.21381802088606375,21.258647498946985,7.055454269163203,1,1
107.85917947677122,-7.233890007708615,Semarang,0.250737356803192,4869.891022774676,0.3168725784344292,26.46662155252616,15.94782036053563,1,0
108.416960901722,-7.419466241572183,Semarang,0.37277026552488535,4658.793241069225,0.4919175681558257,42.90130699434004,5.2528112753005445,0,0
109.93519176198004,-6.8424776514857655,Semarang,0.48148616152867046,6104.569817056591,0.24742750031877453,41.33727678605141,17.29905712228772,0,0
109.11728663729409,-7.344221223894133,Semarang,0.6028237976874009,6469.314208534179,0.23324490151156396,42.13977735137096,17.712394476621274,0,0
106.53301571510993,-7.2871279991018305,Bogor,0.6940462575464508,6284.004759761033,0.3284253174595419,47.12841432492455,16.6176942058896,1,1
108.90629452529816,-6.759583139992724,Yogyakarta,0.20839245597843248,5660.761271676877,0.5849034142716671,39.15094288544061,28.02234834665785,1,1
109.3400234560073,-6.983105951135359,Semarang,0.25967350950788387,5365.509272439097,0.38224486429277704,32.04528631409197,20.71600507133121,0,0
110.01924532059516,-6.990178080443681,Bogor,0.46422529908448984,4587.226383750027,0.2686433416455471,7.2423223320387295,19.29127286744598,1,1
109.09966411982082,-7.405828314117744,Cianjur,0.547343492668506,4901.410490651809,0.38970906959295326,38.275681432855265,18.660806572892742,0,0
108.55313670738674,-7.295396985714837,Cianjur,0.3440333990387884,6005.635075965712,0.3568258796812981,12.220592882669072,16.046712722531886,0,0
107.35824664975515,-6.547464932305002,Bogor,0.6485643856183427,5674.026068781824,0.5030177182914148,23.15269350785256,25.556390847255276,0,0
109.23823103389785,-6.765593794363178,Cianjur,0.6276173034364472,4735.891638524466,0.3132219750250539,44.90666040160513,30.19539143855653,1,1
110.1630820142566,-6.51430885718396,Yogyakarta,0.6008843327078695,4685.9540307681455,0.5515724149530308,27.29369110692485,24.815731859274138,0,0
106.65396736918117,-7.1460491276795395,Yogyakarta,0.5430451257977328,4578.225822672544,0.5203189184613448,18.832691048741104,23.070692637520175,1,1
107.32195361716887,-6.638773886063839,Bogor,0.30634300978235884,5517.964197458895,0.48884271918723315,32.518933767352195,19.974228928652956,1,1
106.71907330906859,-7.413767109425814,Yogyakarta,0.35472302645469367,4548.746872116168,0.3177536248702665,44.631363139941264,23.0183431643028,0,0
109.15759793915758,-7.158756371923887,Cianjur,0.6134471400869983,5468.640464839996,0.4576572847559352,15.035694362909968,5.313412820019215,0,1
108.54881408504545,-6.963422949549776,Bogor,0.5419219796345061,5442.940458485608,0.4932970037831496,16.495531629354318,15.92205682529027,0,0
109.11642077908013,-6.87124371384737,Semarang,0.6550261054140842,5495.313663792795,0.4460224791582781,19.484371717646845,7.038977414634608,1,1
108.57808264397623,-7.046221388005665,Yogyakarta,0.3944029280193606,5104.077515736014,0.45134577673863735,19.191124517952602,8.113757194760197,0,0
110.48994608107884,-7.111280226718105,Yogyakarta,0.3615833120799501,5849.597841977749,0.45301823845298866,29.19063966945691,25.551075254968264,1,1
108.45721045841978,-7.233823221360013,Bogor,0.2582294814587639,6218.391052309576,0.5780448667506948,9.02180204284327,22.072336053471922,1,1
109.60935885068693,-7.004940677425337,Semarang,0.6454610714431885,5206.748992162159,0.20947809316022675,48.153551458003335,9.71755382555521,1,1
107.22238880426387,-7.071370173692059,Cianjur,0.5169977326181245,4791.152932220403,0.3406974142213037,31.26691743309027,16.373600630839157,0,0
106.77758121106447,-7.44511651162946,Semarang,0.5707985600294581,6319.7178160688145,0.37939572375054825,34.930004278099915,12.122769391286953,0,0
107.5697837046194,-7.17675926100593,Cianjur,0.5440354570193382,4787.545505116746,0.5978300363155786,49.33688275640068,30.77574053396484,0,0
108.90658507019613,-6.83464955907725,Semarang,0.5490642706155957,5659.002026664098,0.2904572166757865,11.158963503345063,11.87814097058432,0,0
106.9066669361748,-6.541794994176489,Bogor,0.4808214870872006,4830.750186512732,0.4029116576258496,35.63437398392516,19.25538731053937,1,1
106.75928330305541,-7.274221218369873,Yogyakarta,0.6065133050436134,4785.022524946368,0.3818103411639988,34.38448052263257,6.062066678665442,1,1
106.93872603298972,-6.904716806233351,Bogor,0.4455672457245443,6199.131543715573,0.49564800726525504,27.225306678837892,18.85666732999138,1,1
106.81581772575383,-6.549087028895688,Semarang,0.2673245146251558,5696.329053573612,0.3210996154584701,7.775257885447041,7.97594677476863,0,1
108.61511735423379,-7.480915538507693,Yogyakarta,0.26775838168307964,6281.529006725068,0.33768870547891744,39.10862315959215,26.904316834703625,1,1
108.33118497071608,-6.575440242322925,Bogor,0.5605243009512266,4617.64270117585,0.5628235262053894,49.155928463300874,26.858152858964843,0,0
109.6156197796611,-7.233032004920839,Yogyakarta,0.31050596793940943,6114.810313589952,0.39207066377537814,28.074340730236827,10.800571128114932,0,0
106.51166552318108,-7.4020802799732754,Bogor,0.48956437702524136,5722.042717474726,0.5453340600079553,13.695666723511088,24.59608680478335,1,1
107.28477957032673,-6.804601298601525,Bogor,0.6003582458571319,4697.661480215259,0.31838271301829624,37.48207635122244,7.281617784644966,0,0
110.38006951917549,-6.681699490822349,Cianjur,0.45752973645840944,4918.492152071713,0.20816559435186008,31.73103072588139,12.992921113352875,1,1
110.67740524838054,-6.600363208371744,Yogyakarta,0.42775746085398925,4693.1209548066045,0.27908020342174267,45.47251041209675,24.967372767508163,1,1
108.47404913201667,-6.54228810500555,Bogor,0.39700847244544646,5946.229340341799,0.5993553424519245,32.96328194448264,10.001782075735274,1,1
108.74524812415568,-6.946989843093276,Semarang,0.5487929314221528,5071.83759417854,0.30499928944828225,25.98943334913288,10.861788815469254,0,0
110.39182267956964,-7.1582678919182285,Bogor,0.4557860837695438,4579.574429121331,0.21964426436259196,38.529487447796505,14.345996001159245,1,1
109.11276366091626,-6.722586931396437,Semarang,0.4158069569473327,6489.777601804822,0.3747488574867087,8.265311654435925,6.63904138129069,0,0
107.71629789869742,-7.251908625668108,Cianjur,0.46498429762824667,5478.094878794762,0.5875082132127187,46.944194026345215,29.610114937786566,0,0
108.2243464361751,-7.3393406436598765,Cianjur,0.6432270132234916,5658.6583448629635,0.3570609562024613,20.392096457363436,27.92730730827168,1,1
109.45519484916817,-6.76897371660977,Yogyakarta,0.31173607909698275,5344.881016651331,0.22550376089987725,44.68183753049069,5.072731988228649,0,1
107.01722059020601,-7.390441313017446,Cianjur,0.2113362027133044,4813.948711937199,0.28423917864554593,20.186384304298457,18.199226529497462,0,0
108.58605041154621,-7.388509401531042,Cianjur,0.34333447398733397,5814.324921259284,0.37161472807767093,35.46580228999578,9.370941652494757,0,0
109.40895558976197,-7.41824130481106,Yogyakarta,0.2909037188033291,5854.296063016506,0.33480630542923256,38.34721156702587,25.59971652457115,0,0
110.15459723762277,-7.2066184624033545,Yogyakarta,0.27802609256843963,5620.725754878897,0.42409828641382624,26.75017042093603,25.25938881804152,1,1
110.30058233535458,-7.252178039139631,Semarang,0.6024920360692452,6353.724679270674,0.37449877326565745,5.754631142868681,13.438659520294177,0,1
108.50203638271078,-7.3891226647483075,Semarang,0.3437415216880333,5648.254870704004,0.37646901067431315,30.569011536007043,22.670173270957264,1,0
107.66120610795664,-6.5865275889295525,Yogyakarta,0.6635086461930715,4877.257086007498,0.38156343979111823,6.374668609318459,26.08772390633479,0,0
109.12729928977151,-7.040667372508071,Cianjur,0.3976160539132526,6202.575021415075,0.4728235420733678,13.58463290708015,13.645997768976038,0,0
108.66728979640456,-6.604665658843326,Bogor,0.23608848308838698,5107.735544774216,0.4124629136881769,7.457395495930444,21.85412189096854,1,1
109.13008698424252,-6.614501402541235,Yogyakarta,0.6819280991519414,4933.805541058484,0.5975267198839832,48.009766192695416,13.442573727633247,1,1
107.71960996052391,-7.043586036095125,Cianjur,0.48824055185443516,5594.349592713537,0.29751390037270514,31.483101336288435,11.837681622766526,1,1
109.79391512211171,-6.851969160784307,Semarang,0.5766300655564793,6486.437186693598,0.3717446884039256,41.6143230989836,29.388905348418454,0,0
106.63737769171404,-6.54902812648835,Yogyakarta,0.44351238660245773,5471.398362667951,0.4968719495416834,30.364220269831208,18.213412564214288,1,1
109.33537159279429,-6.660365416114893,Semarang,0.6233427420242232,5480.247764504353,0.30694537061662625,24.083607301208836,28.262590878407483,0,0
108.87981347862144,-7.325566070220911,Yogyakarta,0.34555474100573325,5379.156398911799,0.23345661606832802,42.398580309287524,14.864282237175534,1,1
109.04216781929568,-6.889004265891357,Bogor,0.332542628214474,4957.58408065017,0.24343436187993592,24.560226072841562,19.893360774364155,0,0
108.53491143762673,-6.928686825580456,Bogor,0.5902675574122215,5886.625232923192,0.33768401312066465,16.97592226904054,21.867847365046348,0,0
107.33859163452163,-7.301168617599436,Cianjur,0.39507421224282346,5402.321619966171,0.49764200612828047,45.749305718030655,21.916518258030553,1,0
109.51342303005976,-6.855103866898559,Semarang,0.4044922275848848,6342.651417316187,0.5239880532909827,26.140600127149213,18.411144337470546,0,0
108.74380693472803,-6.872528052128654,Cianjur,0.23583740245037316,6243.488368340163,0.24818936665219382,32.351865339867324,32.28323929211517,0,0
110.47275965755126,-7.22165483696979,Semarang,0.46861412379537937,6030.591998904653,0.37691250872329973,34.74169346944542,25.439946104874956,1,1
107.29685073903981,-7.38216639213228,Bogor,0.4262802505236405,5925.512491971681,0.2668532427337563,49.78260428519544,9.854390162784242,1,1
109.1143553184875,-6.736042219446898,Semarang,0.474244732742308,5143.269963201013,0.23379775002863667,36.93496222752779,30.260713852898487,0,0
109.78584070685272,-6.671396434058629,Bogor,0.5922232503610853,6378.615230515437,0.49392242009917714,47.94577526062943,13.315056131011476,0,0
109.66795168712657,-6.717950912556574,Cianjur,0.6870485530015888,4543.926997791078,0.4697163079810898,37.63833843958258,21.83839665715999,0,0
108.66269772338109,-6.830998398962154,Bogor,0.40618939188499636,4958.577869747005,0.303483385040255,30.02222099546807,29.27954832944854,0,0
108.33443325744004,-6.74690446567153,Bogor,0.5502223641466896,5092.9069116088,0.37747580650686613,49.65917740710013,32.05671723705419,0,0
107.63163902636451,-7.29965672173872,Cianjur,0.6640183078006547,6337.250881949488,0.5554226258486652,25.746086460171263,11.97475544849697,0,0
107.61305867438493,-6.696147536066879,Semarang,0.24765162328992757,5170.289501196078,0.23718932206229565,42.77378805714235,19.252114188246992,1,1
110.0117990095218,-6.635381526820741,Semarang,0.5452380335178069,6168.60792603983,0.5073781132921802,7.2492018223137915,25.668388184403902,1,1
107.22482831678845,-7.35523396730857,Semarang,0.47306377983639925,5043.370771366339,0.5727687272372572,34.957530733221645,14.835591011014047,1,1
108.53644515605659,-7.2856152750470295,Semarang,0.6630278431572364,5404.642787702495,0.2038283984966693,12.306165794064977,17.309363628999513,0,0
107.76427038516576,-6.67149204693855,Bogor,0.24744455658848247,6313.946036631517,0.49531017063978694,39.424865274635984,14.533663107435963,1,1
109.74559487165746,-7.381806917563225,Semarang,0.36661975477057274,6138.352684197849,0.21029709599676039,37.88058105295817,19.160924426091412,0,0
106.89094370013513,-6.535221399304415,Cianjur,0.5280508581554688,5653.790647113683,0.3268574568921088,27.718845577801876,20.636807213551702,0,0
109.14276689670376,-6.990562554822258,Cianjur,0.4968691959582067,4815.53055044894,0.4888543201729226,29.281593102857588,12.669949442017938,1,1
109.67374788158536,-6.543360995499422,Bogor,0.5490616787871684,4921.703736242091,0.3774030403877821,48.42818102059286,24.196117724112376,0,0
109.7375596405442,-7.009272613738932,Bogor,0.458470480494424,5485.005890679162,0.3592135479789407,30.451280854646352,9.880110357780799,0,0
106.68042611329355,-6.966584732215266,Yogyakarta,0.3222001648116739,6215.69010119893,0.5744086367317153,34.14530450789883,23.00946872732934,1,1
110.50518035328577,-7.497416662228847,Bogor,0.3827897273729205,4891.2348615751325,0.4541835866481926,24.656353314091863,13.723156087987716,0,1
106.74514047303407,-6.68189885412436,Cianjur,0.6296405207987776,4902.397747330437,0.49551495610351,27.62048406227613,12.512589210468871,1,1
107.19195240387334,-7.045664309272181,Yogyakarta,0.47860170685682274,6137.872018664243,0.4632131790876728,41.0061527434013,7.544057541339113,1,1
107.2116382336327,-7.013267503658557,Bogor,0.41914763322455506,5719.129518262717,0.5627967146429971,34.93972125117676,31.12717042287821,0,0
108.51786448313516,-6.644737986768152,Cianjur,0.21990593460727692,5886.860812575123,0.37250258430250793,11.106473105843685,22.7905008835195,1,1
110.39099410335523,-7.4762411490442355,Semarang,0.31902078108772375,5551.780991166391,0.5307274211299813,13.848111677139448,16.87713617761584,0,0
107.66213303501911,-6.743752639583959,Bogor,0.37876336100893016,5166.191655078574,0.40142538400496636,35.305114448552985,6.777344465885436,1,1
107.25216770850842,-6.5497838631270096,Semarang,0.589984039963354,5516.85856172748,0.26543282424537157,41.661910850196264,17.13924059709412,1,1
107.46440273324163,-6.635377432406863,Yogyakarta,0.3118526260488794,4931.361119236391,0.45998226292742245,27.474936856758028,34.583337812300385,0,0
110.29250639713571,-7.365305189970505,Yogyakarta,0.4187298691052309,5347.906821142605,0.4931318981709126,35.424507865772114,12.205130059246912,0,0
106.66799373828655,-7.091643005191244,Bogor,0.46260230407603975,4917.219236529227,0.5281038237140414,35.38130257261682,31.736901193571164,1,1
110.01974069955051,-6.831209290768983,Cianjur,0.4999405968135078,5560.03314659317,0.2836437198636287,43.250945150497316,15.956484269583273,1,1
107.49760633047987,-7.135144196774845,Bogor,0.5979087664846007,5728.867881863693,0.20973016689733473,35.28731650259371,9.329970448696695,1,0
109.68958853674825,-7.15026843244175,Bogor,0.54504603494991,4908.204855551297,0.4292027724879612,44.95254553556662,33.513086465301186,0,0
109.75034909078516,-6.9514252117122695,Bogor,0.5509400220408596,4816.5595279894205,0.20385033519536855,7.205109094150465,8.280875886692627,0,0
106.85100173133922,-7.463174037316272,Yogyakarta,0.593982847351743,5669.74853170788,0.4577664780589826,41.22281035599251,23.461921851944595,0,0
107.81662031129729,-7.431136582652676,Semarang,0.4332452646140539,5228.466333075828,0.359097982394157,40.73132904114574,11.931167450272177,0,0
107.16269432231519,-7.25661576887595,Yogyakarta,0.5169901685224187,6433.465688649503,0.5999621376856789,24.1014494148804,29.095739073492453,1,1
107.88799786164687,-6.874200665398606,Cianjur,0.36070669749766904,5509.676075237325,0.5311734868718823,19.94499978898965,5.308045948597819,0,0
110.0789363053626,-7.3700821648104,Yogyakarta,0.5982214382923463,4627.97626140046,0.29757547769690146,12.732265201246213,28.448108604041142,0,0
109.00306848709906,-7.163742669775779,Yogyakarta,0.21230158503125363,6453.862182874471,0.29826557908045137,41.27357366866976,30.748390070519854,0,0
109.25608265252878,-7.236064783564799,Bogor,0.2522733351123936,6343.055753573894,0.5909913583708557,10.233556954929032,6.8357853626848595,1,1
108.31553622451973,-7.213929671017374,Yogyakarta,0.56214830553034,5522.768750799398,0.2580549337380182,43.83835013317428,15.166520786361808,0,0
106.52967742849347,-6.865951388180989,Cianjur,0.33540895346406097,5934.984026154012,0.20513404521797757,40.31293542167846,7.125032656287949,1,1
109.33058134634338,-6.761643945359179,Cianjur,0.2645586542858186,5737.6417812022055,0.25730046244405513,29.658814513734143,13.892848380383242,1,1
108.16258920110431,-7.241352512045628,Bogor,0.3998632592773351,5505.636154343543,0.24769132908395528,18.930177552258787,7.452631918505679,1,1
108.49506231573307,-6.878507503719628,Semarang,0.22467545631139008,4974.732029198424,0.4834250502559121,25.41318941610656,29.73904520466856,0,0
107.37019320477144,-7.401543157745316,Bogor,0.5873873102017371,5898.446516643877,0.5177342780562035,48.17197299530501,33.81116810232727,0,0
108.89231210906179,-7.064356635452147,Cianjur,0.28249693400965503,6481.39007229175,0.26974551389834306,27.30195425062438,9.853683887935974,0,0
109.49193151471808,-6.61216428755562,Semarang,0.632975826984294,5927.977974501006,0.400214503097656,48.32632409615896,21.644468901080934,0,0
110.04849064464203,-7.2591256718825825,Cianjur,0.5794307048181262,5242.786894688408,0.43006850274854336,7.517183633295707,8.020547951743426,1,1
109.2584616298319,-7.443036898244549,Cianjur,0.26488005607282633,5919.713038987122,0.3068105076744387,10.198782832698232,5.676337933783499,0,0
106.5959782884746,-6.828736110125148,Bogor,0.2964600277623985,5684.062225014551,0.4966200730700062,29.84101071552246,34.02006975972017,0,0
110.20054724966505,-7.046880745507779,Bogor,0.6364303166521584,6245.093175924735,0.4943980080984767,45.92041816136735,20.66749707368418,1,0
107.14897919469041,-6.713690630013024,Yogyakarta,0.25686339805418607,5626.787141073493,0.25153229155752416,20.480681606943904,5.957624793620918,0,0
110.4175092791537,-7.309709886144549,Cianjur,0.5937465728566169,6482.766457721026,0.32446765930688126,31.973142051970022,22.289392750668107,0,0
109.64145454485474,-7.278122526790421,Bogor,0.5083637916493884,4657.443395590274,0.43097156263291314,42.09304264876125,22.783758837992426,0,0
106.67389144838836,-7.0139362146888296,Bogor,0.3631326706124246,6482.094424622308,0.5407779471266706,27.38003699217036,26.07698592012888,1,1
109.99004976530259,-6.5372800941788896,Yogyakarta,0.30979886564448605,5903.12407826725,0.4789753206216021,46.342135857648955,18.171669115144763,0,0
108.06967687267021,-6.5675569089714845,Semarang,0.2334092515794498,6239.82324289591,0.5837879795858372,37.146211361833906,21.09992479981708,0,0
110.57072791799446,-7.004242654209107,Bogor,0.340634960285626,6135.0036507545,0.3237260885933076,49.34257956855761,14.670377052537953,1,1
107.16496361778395,-6.934688631308117,Cianjur,0.6190047168076538,5005.481783925496,0.46031114655433514,20.57348226104577,26.05906961117413,0,0
107.03044840765662,-7.404238532143144,Cianjur,0.4210583033754489,5378.8280805602235,0.29504624246378003,16.82715348690558,6.214082543534091,0,0
110.50933170869928,-7.414467031344719,Yogyakarta,0.40912225263702984,5956.859731844741,0.26292717380462804,28.29945591212398,14.696367199179454,1,1
108.42758401132005,-6.700372387638552,Semarang,0.28530910699735357,5890.5157561178075,0.48563622598293354,6.24846913070553,13.269903880747489,0,0
106.81798428189093,-6.811694109196457,Yogyakarta,0.5851517830755978,4623.016135784248,0.38107147949763065,25.374940758654407,19.860904323633918,0,0
110.3092049998465,-7.1417661308816065,Yogyakarta,0.281272709016536,4641.875747665794,0.4104651896379946,17.83415408371782,19.31665273941589,0,0
109.5539362203916,-7.4618048299236035,Semarang,0.5751922702305288,4585.927160418708,0.5837123463025584,46.21900279448162,24.414547772494917,0,0
109.75908796665425,-7.4770764698203065,Yogyakarta,0.46102458765780335,5018.072742728243,0.410793713098927,25.176089657259084,10.402601813977997,0,0
108.59801480361928,-7.321865788562348,Yogyakarta,0.5514719878216761,5061.862158659337,0.2847226748039921,39.25753348861357,20.111813057125755,0,0
107.17337390403219,-7.2071472270847154,Semarang,0.3671802089087426,6128.187644085997,0.42098731901697056,29.329359745861048,18.215876030521102,0,0
106.95776890629699,-6.949365671394726,Bogor,0.37648563799636914,5076.281991702426,0.5754147708644559,29.839903068528514,8.69304012763208,0,0
109.94351701377467,-6.565310983583833,Yogyakarta,0.43285874609495933,5315.94632532365,0.32868023686454484,40.027872663448,28.683022178185887,0,0
109.34210081293253,-7.286646203718286,Yogyakarta,0.2682389744276877,5609.608561959114,0.2610259752749834,31.707566948417934,23.083753952369428,0,0
108.43597534766647,-6.654645196324629,Bogor,0.470587055010221,5862.947172873737,0.21881169059527755,28.475243846258767,7.672366774376522,0,0
108.83777402404263,-7.109559408311593,Bogor,0.5926478660250489,4908.40347408719,0.3847467013132001,44.049427307609854,7.373763750951804,0,0
107.25055476894717,-6.638828781367046,Yogyakarta,0.3354824648731155,6363.095976197752,0.20795871766255153,38.151731719149815,34.94490583517094,1,1
107.34959729073981,-6.794694738510046,Semarang,0.3623587171255146,4898.4905056570315,0.3109649330042129,15.138758126948478,31.405627216119615,0,0
108.14034611872478,-6.901064513044333,Cianjur,0.3204386236711836,5660.476525731773,0.5199463232986143,47.4401343384082,11.381855702693997,0,0
110.38744895084655,-7.084470622324012,Cianjur,0.37852760917654116,5361.991121884496,0.581518685284655,15.135592914101,6.148759518342023,0,0
107.51341292123108,-6.529750860127735,Cianjur,0.3706590070824498,5863.081326876436,0.5950478052378345,34.23306841573282,24.530064477852573,1,0
108.21010400919516,-7.189141661653224,Yogyakarta,0.6556604306109,5263.345936910968,0.29136992412846807,49.077353402948056,25.52821089559331,0,0
109.15386985575569,-6.8545066399465,Cianjur,0.624976239662364,5309.559495206002,0.5691917509798192,43.70029004262062,8.873980885765038,0,0
109.2570027884623,-6.860756665054293,Yogyakarta,0.38077903358570264,4570.18811239513,0.32080838973700515,25.28693164865719,26.578319392905705,0,0
108.57830317984006,-7.088381381985247,Bogor,0.4027045088045377,5213.85941598034,0.21108603995179842,13.15442683500096,14.510263331015405,1,1
108.25344401933745,-6.937164200175893,Bogor,0.6721852504524056,6257.192879587964,0.4732701538260072,10.108347381354033,14.107324571409618,0,0
107.39608041538361,-7.399595276328557,Semarang,0.5303733294060801,6307.899815249801,0.3474473704732057,16.978861596190377,32.9958419147454,0,0
110.54342477408271,-7.358069472186418,Cianjur,0.3984853942234259,5276.014571084018,0.2989579240463051,8.505634073840508,23.9602055140887,0,0
108.76265862801495,-6.739661609644789,Bogor,0.3186098902514321,5798.224774179374,0.2602364433436596,44.8134167389671,29.612536999718216,0,0
108.22073600449595,-6.621243634925752,Cianjur,0.26883174958577016,6157.393731294748,0.21765408454401625,22.122254126696845,21.2412581866064,0,0
108.21254692744408,-6.995451440218785,Semarang,0.632264119542504,5839.363304711943,0.27022707239422344,9.54307115398062,9.850754874456598,0,0
108.22762994443327,-7.290640131503244,Yogyakarta,0.49276790764908074,4781.162811080499,0.2800933499401598,46.03960125576031,9.006044505804681,0,0
107.66446524098932,-6.595447888541353,Cianjur,0.2614914751884176,5165.984366040543,0.4180151917868424,32.47759855082167,23.237233910664845,1,1
109.92348923392,-7.287730656100031,Bogor,0.5554012902236354,5864.99306611481,0.4928058439216159,30.343118911912303,14.785143144814812,0,0
108.46083424354163,-6.920838450744185,Cianjur,0.5809149756245134,5675.796381378673,0.23510105664138267,6.103451559903941,31.048209479097185,0,1
110.44805753089597,-6.60134118164041,Yogyakarta,0.20548889550624416,6010.323903595899,0.24832392320221597,16.948154108610744,31.577582187703147,0,0
109.74496819950913,-6.658836258112899,Semarang,0.4666979913944373,4744.5050261286,0.3929849812841216,28.221876417704216,12.143275310697295,0,0
108.61324482939449,-7.336162348060038,Bogor,0.24409988205222155,5411.527437901245,0.434840133972216,32.507958462714356,21.581689939491838,0,0
110.28231672051393,-6.799038374360736,Cianjur,0.6711118325241576,6385.803252042146,0.4787454497566313,48.56130848710875,21.336995368838583,1,1
109.87326317210244,-6.728493270440621,Semarang,0.6894017187256996,5147.724782702298,0.2634411683558773,29.96565829285175,31.813685611320462,0,0
110.17192867162488,-7.216691280209102,Semarang,0.5421086040492415,5961.348126359506,0.2210089909993641,39.77490613382551,33.141449961321634,0,0
106.54095189066985,-6.605037758388714,Cianjur,0.5428040957071585,5272.180753517095,0.25975341589827117,15.59783903673313,11.95225924055471,0,0
110.64174670863366,-7.153123037041446,Bogor,0.43758416366905795,4774.528574804105,0.41636673797794477,11.47661319407485,12.60774793618097,0,0
107.37794688845445,-6.506455502239576,Semarang,0.30254366155844187,5476.184740609733,0.24239681608095298,46.840544277391665,13.43243121879345,0,0
107.67665544185559,-6.675438178573444,Semarang,0.6836861534444905,4542.37276763909,0.44276100587678335,34.78793159096402,31.473981174442848,1,1
106.97867622214558,-6.76779731571559,Cianjur,0.3714633980186448,5253.200432021616,0.2729429110375111,47.630712784727294,20.232506239745582,1,1
109.85862870547777,-7.025413364155563,Cianjur,0.5802273389522417,5042.325358267271,0.2531684226023562,25.36147147919754,32.50971474370343,0,0
106.59768304484679,-7.329365585827939,Yogyakarta,0.661928846714199,5611.522022760223,0.5855908547088644,22.91384228093869,25.921410452556092,0,0
109.26032435217346,-6.812267909659181,Bogor,0.5736275073881528,4586.080453209959,0.4539168408941379,38.07121712641828,8.110212031876607,0,0
106.58533369803999,-6.930385034832197,Semarang,0.4431622623094391,5573.763239246412,0.5057668937566553,18.374061393960652,18.4884788388746,1,1
108.271417325509,-7.006640010952628,Bogor,0.4142402981953096,5771.9480845554035,0.3838428548864214,31.41572069516555,18.988647615137275,0,0
110.53370163742096,-7.107678145336423,Bogor,0.5077483829533522,4966.4993864999315,0.38516564270879794,15.555988664303339,19.578755057297784,0,0
108.80750300691498,-7.150082780539731,Yogyakarta,0.38550632056964373,5377.839068414067,0.43969235841159493,28.066283803968478,10.125269355985248,1,1
109.33568272701808,-7.336946760155336,Yogyakarta,0.4671000232189686,5063.791563379359,0.2586189794219848,31.88020990951546,8.738441319620236,1,1
107.55170384774631,-7.095998466977389,Yogyakarta,0.5634292257150083,6242.949613217835,0.46530926924613775,43.78681220224852,27.742482813129392,1,1
109.45400950282793,-7.24794684570171,Cianjur,0.5605234532311938,5636.948791741827,0.2810575209855444,33.813158753075,7.2192204897897785,1,1
110.34697290205841,-7.406309714521137,Semarang,0.50957941238822,5652.657773536275,0.5152884966308389,38.62013354465659,7.530523918481223,0,0
110.67508042381137,-7.456914506228079,Cianjur,0.6982000434223589,5815.412561844683,0.33287186865837487,21.68659005004272,28.74649757643753,0,0
106.78220237130697,-6.774883594632917,Cianjur,0.3217781570056407,6044.661298987189,0.4556398112591684,43.94671507169208,22.443417300000394,1,1
107.65763596785034,-7.461300338342647,Yogyakarta,0.6896025198712958,6312.312399681235,0.5058893496164032,17.48378533817192,14.46470649930893,1,1
108.45105028061677,-7.189342847145445,Semarang,0.4739643024535262,4790.544226803507,0.3399111140106061,44.18132244911985,7.34227302418744,0,0
108.90043436524769,-6.7645979566334375,Yogyakarta,0.43468336050163203,4928.143020215054,0.3136743403783628,30.12762490957604,29.001168922998858,1,1
109.07661917104447,-6.772077141216003,Yogyakarta,0.4433227729730672,6281.81300448986,0.5745793141784281,24.756973841416418,12.837131299923893,0,0
109.97774610501466,-7.17240163910337,Cianjur,0.68588256211915,5438.385451732081,0.38868218292828693,35.05386999477808,12.032385375378983,1,1
106.5198048527819,-6.6197145448273265,Cianjur,0.2528098834361943,6048.114955320723,0.502119535464138,11.80857418236564,25.2490974236999,0,0
109.7583981526971,-7.086179950619952,Cianjur,0.465245820427109,5420.469483484895,0.40151919433993155,27.573825368116918,28.95661101870193,0,0
108.05386703954336,-7.430263490874502,Cianjur,0.6751329817976485,6448.5015188070465,0.2639436511312784,11.431559318159637,7.509582570335043,0,0
107.99463204682718,-7.0617086277096535,Cianjur,0.47197632717589955,5898.126574527802,0.5638156468267668,41.29964210515337,30.90525740154553,0,0
107.36877847839858,-6.642003157951509,Yogyakarta,0.38574239866132043,5425.9557480678295,0.31392177296582835,12.199593344706976,26.28467220368827,0,0
107.97295645450465,-6.947207892470631,Cianjur,0.5742318501731438,5982.594210180253,0.49640784737644267,38.74191719997151,24.158072376342293,0,0
107.39225044827384,-6.739222423682704,Yogyakarta,0.6247360723064828,5305.460717875613,0.29461539443011536,11.829776702639663,24.25750317278214,1,1
109.29468531573607,-7.4658191385843695,Cianjur,0.28288376243464936,5908.599760799785,0.35338456030886245,13.141828231230955,34.50576857010516,1,0
109.80718925254654,-7.084893752049913,Cianjur,0.2997195391065154,5629.063103652576,0.5701212073113334,11.690159988377603,6.662632124913744,0,0
107.93451485071556,-6.65135915385468,Bogor,0.4731472826298366,6029.2954805751015,0.36498575630446883,20.453802693292097,16.64822308905468,0,0
110.56394839859836,-7.2075764951938055,Cianjur,0.5184832019911236,6282.973384461287,0.23334564108500022,16.768538791726833,25.43539864918188,0,0
107.05698687116934,-7.472027515701206,Bogor,0.5985005748585188,5007.985225530496,0.48421723797770333,40.65740780852592,23.94755652706519,0,0
110.66901928706353,-7.4486321475787065,Bogor,0.31975023316476486,4669.857795858912,0.3788744038776887,45.81087310645652,29.85616813833582,0,0
110.57098050521486,-6.685568761537816,Cianjur,0.21566508642354687,5147.73621856351,0.30944965143019626,34.32711573792302,33.013943050769896,1,1
110.49554778214848,-7.3338788884433805,Yogyakarta,0.6124816034039742,5247.350039492387,0.509514449037225,45.45013816217746,30.656150440139047,0,0
108.15654525057514,-7.042478123854708,Bogor,0.632036327337731,4803.46289681896,0.3132540339263724,16.319594113358598,22.025652688023357,0,0
109.0856415126242,-7.466251627271211,Semarang,0.5627552175224991,6299.46756824047,0.4097611641311949,14.211791939274814,21.738223760618432,0,0
110.44618310894458,-6.945850409837016,Semarang,0.3559166647991546,5294.811210388756,0.45894701734539317,41.22099119742937,16.222541767193917,0,0
109.19610841629515,-6.575041788010616,Bogor,0.5999953959497353,5845.270324598531,0.35227490907328485,17.061912812234826,6.538672042747149,0,0
108.46398993783137,-6.852780413344784,Semarang,0.5540104363122137,4773.7634334155255,0.2659439834807648,19.834296117269464,15.149614265986264,1,1
109.34893853390528,-7.2074209166116034,Cianjur,0.5370369940571771,4874.800760255355,0.41670590882902636,27.11890726401024,34.90723481042478,0,0
108.78812409910918,-7.441664742887378,Bogor,0.2561587282989538,5778.2081856849,0.3546572606387357,17.680828924317847,26.06589352497141,0,0
110.37640022025413,-6.658482272316606,Cianjur,0.2880904968481048,5033.744256720863,0.23769423995276365,15.602087770615636,31.28301407975843,1,1
107.75904393054039,-7.368066127789486,Yogyakarta,0.38778957844852124,5935.1122035589515,0.5514117199286579,15.012710953241596,17.006717140554244,1,1
107.49948578033772,-7.256453463277975,Yogyakarta,0.2231501175179375,5288.987809890561,0.5425994601796602,43.11442665873407,19.063370839898056,0,0
107.66655446659328,-7.151900018328945,Semarang,0.613039299832931,5313.459809186176,0.4493966399452509,28.25358509298891,24.11379656150799,0,0
110.02110161035439,-7.168659930598173,Semarang,0.5919803077772546,4593.247466289379,0.5570721489174166,26.939768507521347,33.82329726369028,0,0
109.57869369406069,-7.063023306665819,Cianjur,0.6778427791038308,4580.990171353953,0.25080999342423504,40.28533883679729,20.530363120375455,0,0
107.76148678284368,-6.802528936607883,Cianjur,0.29251998385802463,5723.399119543531,0.41032036344196365,48.91319808390331,24.956761211986407,0,0
107.132513762748,-6.955652633450311,Bogor,0.5586382012894364,5819.978651095777,0.39493730930135706,39.041192345770575,23.936578106684205,0,0
108.10736943999578,-7.38910708181464,Cianjur,0.40545189104374857,5608.2017444700705,0.40376830879122816,45.8722473890889,10.84342830370174,1,1
109.39177776040196,-7.1660410547432605,Bogor,0.4085070889022948,5488.030165088697,0.5430748295588648,40.55276394914497,26.974943396058542,1,1
108.2809060740522,-6.972894957985209,Semarang,0.4198248790430039,5094.885001351922,0.419545799279031,44.93726543267747,30.936674140110764,1,1
108.46719877002278,-7.316084536447194,Cianjur,0.3139142575809076,6094.89958003358,0.3632558976724216,30.623033254367265,22.465820400913845,1,1
109.74644541930353,-6.944800700267434,Semarang,0.6333103395172279,4843.923554331282,0.5765049407092064,28.701051646509463,33.97608290541524,1,1
107.76042971489211,-6.934922300930173,Cianjur,0.4899860101341608,5425.640133290395,0.40724543905217125,48.32738813928713,11.437446727916843,0,0
108.6286762193635,-6.939096012090796,Cianjur,0.6117012669602333,4827.59575970022,0.22168859181725212,10.170274708912345,30.267610338290137,0,0
107.89580555479962,-7.27921191211159,Cianjur,0.4093007680375337,4779.984655186386,0.3574587069162659,29.089211747670497,18.517651131780433,0,0
109.5220510770761,-7.439159771649372,Semarang,0.41330974599335835,4862.4431885578015,0.4533603036286286,7.780894206542369,5.402638072343198,1,1
108.2042332196894,-7.14697928001302,Yogyakarta,0.296828161099237,5711.118960016475,0.22144482149457412,30.249860824705667,19.98182070995574,1,1
109.73529352460437,-6.662298202921122,Yogyakarta,0.6517997384831873,4651.178037325279,0.2552765078280895,12.048802797707896,19.22098542140146,0,0
108.65590800350597,-7.169278903723626,Bogor,0.6963046833444437,6369.313043448081,0.4866579061615465,37.14050415803211,27.57886769226471,1,1
109.5664325034346,-6.883302986906525,Semarang,0.36912812102187964,4835.94216211222,0.4007188916932334,10.033942988325094,21.433877187442004,0,0
108.8328379039188,-6.716040010533933,Yogyakarta,0.5882592338523687,6035.981659423127,0.35312989805690725,6.715561996009758,10.799108725056602,1,1
109.36038717181381,-7.017569942207135,Bogor,0.5192318125080408,5154.883064601831,0.3991453321649358,36.22939263798412,34.15137499725943,0,0
109.87573001145424,-7.426770537561618,Yogyakarta,0.48003437750344236,5632.806853607887,0.47568384107802236,10.578756066702143,32.94910710818915,0,0
110.41205099407553,-6.978241434924608,Yogyakarta,0.6400439532345898,5053.679612582004,0.599185544050868,15.76925483011765,18.932162094916357,0,1
110.21853547612871,-7.45787171485626,Bogor,0.4131238814917424,5865.378514061969,0.35379728137588007,15.187165843989382,18.64169055345753,0,0
109.55579172687526,-7.418668396422122,Cianjur,0.692065240847614,5256.32811784018,0.4198375347759639,14.15042668596116,8.542513502498316,0,0
109.78208862389216,-7.2277445586177205,Cianjur,0.38048685000803517,5934.636532195765,0.5927399913109945,35.84660645062075,11.959338222125456,0,0
109.96001911736637,-7.1161734907744565,Bogor,0.37448922242207483,4525.848450422718,0.5710062619437162,10.196359325711644,6.6446697582870495,1,1
109.18868342140661,-6.9278186321644295,Yogyakarta,0.34510926208270454,4599.786309180024,0.5229344162146855,20.870680886908016,34.18550562509522,0,0
106.81532115497401,-6.665018480840347,Semarang,0.31238944231105775,5734.5816859660235,0.5354806450036613,35.05201066057671,26.25105046673155,0,0
109.37863688004457,-6.563058712632858,Bogor,0.6983745412282034,6125.235299464808,0.5940228105987986,32.023638677373064,20.53024433005153,0,1
107.64115542082646,-7.419528435777277,Semarang,0.4404295422729422,5588.818051726256,0.2710892355926319,35.78180439408523,15.02457857265333,1,1
110.36108926652274,-7.091099776581325,Semarang,0.34337390711925275,4737.686866668454,0.49440152985930746,13.300619694345757,6.1572258405239575,0,0
110.57623363232082,-6.535827584110435,Semarang,0.6212208229400373,5257.676566753572,0.5433035344946291,42.12666484630257,14.898182817315872,0,0
108.31256210716582,-6.734084633399265,Yogyakarta,0.2827978918784365,5012.0722716417295,0.5969077220452317,44.937249297617555,24.02495025325029,1,1
109.08413422068813,-7.333050051096413,Bogor,0.3309345990648548,5802.830202375457,0.5002998673898964,49.804245425159976,20.79145607051781,0,0
110.5890969358179,-7.49798733890646,Bogor,0.24869788785102243,6437.640551917072,0.5500882675578754,16.69917244778346,31.86831514531119,0,1
110.3602135841911,-6.709890920704068,Semarang,0.5580715131414787,5903.525601107012,0.5586949944540299,27.625191951734493,19.123318326300833,0,0
107.34983807751135,-7.382237508224608,Bogor,0.22798619181289542,6300.662631684171,0.47934271402096384,33.40902704457706,21.210600696355474,0,0
108.35600788898186,-7.374451641095194,Bogor,0.4767438467335603,4612.007935131896,0.5010066221332196,49.94472717993463,25.180676709154486,1,1
110.42995255671524,-7.451461805413312,Cianjur,0.6116224571254371,6119.440230766624,0.30930508833751225,49.4368900356226,13.180629625718062,0,0
110.66289334233703,-7.318689217670394,Semarang,0.6199030922989983,4916.5347590577785,0.2636309291270677,5.029098323758575,18.204025406697042,0,0
110.405487190088,-7.05725717492183,Yogyakarta,0.36916641927666016,4696.579508921964,0.20710779615866512,39.31165281030163,11.820312689231127,0,0
107.49372905543571,-6.78833718421123,Semarang,0.5523489057685136,6301.3684317571215,0.2789330784000856,17.115749824838645,9.120055477932118,0,0
109.79222849427612,-6.805243755422561,Semarang,0.5214692288263718,5740.622083678912,0.35690702527908946,31.808184364395302,27.648148927421893,0,0
109.92760211707049,-7.2083841320328474,Semarang,0.2311968758447696,5425.349273812195,0.3057352420395656,12.641824554867632,32.767419994547865,0,0
110.04030057627821,-6.630683312472485,Cianjur,0.5599394106313847,5562.916948753072,0.343898629055028,16.470635780973325,19.05252245721733,0,0
106.69972961356264,-7.4983075736780735,Cianjur,0.5200533506543956,6432.9394845772185,0.2684528935032628,5.060688074960467,33.86975688580788,0,0
108.51530311785369,-7.282194513858541,Bogor,0.6435002497298203,5120.499164386634,0.5545343873686983,33.59797684785151,28.128942470375257,0,0
108.6234369596581,-7.069971344898721,Bogor,0.5974910840766547,6166.649587254657,0.3248172927761073,5.1271574949845915,34.088621459865685,1,0
108.81632242003012,-7.3953550731053035,Cianjur,0.5363499528982991,6406.775705463222,0.5697030504364686,15.851588558372962,7.554760739291876,0,1
110.28770329600151,-6.668954407994729,Semarang,0.27747173812663734,5114.1330517575925,0.5209168469446428,28.214909764552274,19.074848483592326,0,0
108.95091660469245,-7.0838663598228475,Semarang,0.2916565177117771,5757.781878809533,0.27216003331415084,9.29715982307333,29.936085211380927,0,0
107.63502232736737,-7.382804052320074,Bogor,0.2506723459430262,4978.379743949549,0.49434750425147117,48.70146921647462,24.732862223093136,0,0
107.2964706606747,-6.631267072572926,Cianjur,0.4611181442290636,5984.6112097809655,0.36471046881019537,27.907804695555917,25.65532385140124,0,1
109.40439803215297,-6.510158993203237,Semarang,0.6276580468782995,5193.753835291838,0.5586148367230226,37.747172048848384,17.267364437875546,0,0
109.00674347311703,-6.725282033864336,Cianjur,0.49234030653041483,6058.455814261479,0.42687465701308547,38.3899962502227,21.435064096667386,0,0
107.18150145978235,-7.435498152261697,Yogyakarta,0.4536578005322504,5245.670158774793,0.2752707269520103,39.10332752914106,31.91078825262462,0,0
107.27954261543513,-6.981920548299475,Yogyakarta,0.38808118544408765,4642.993217444525,0.3079240841330156,15.740191510945888,34.88924742011619,0,0
110.13209441237629,-6.721707066155373,Semarang,0.25413873319140323,5508.675691637294,0.5622493832902915,35.37688850580807,11.47076540352522,1,1
108.91315037969845,-7.01064659161799,Bogor,0.5019790939965214,5431.070262081753,0.37832227088291587,49.72477607213777,24.525357097106106,0,0
108.00598855971734,-6.8625288815999745,Yogyakarta,0.3255552210439455,5216.849353142038,0.568356666542229,19.521713203681877,32.65180754972212,0,0
108.6793734879208,-6.951563914302926,Cianjur,0.2063221208201036,6133.375932288051,0.5520004215690724,49.891332701033946,17.29874863399233,1,1
109.71853316294857,-7.136016406347461,Yogyakarta,0.4064265922126229,5251.7484387979675,0.5331891950854191,46.7801895976439,18.50678026607651,1,1
106.50480688023158,-6.642662465352802,Semarang,0.4389736894822839,5050.874365690239,0.44826826048826385,12.705673841139465,10.394607572602075,0,0
108.80187008489007,-7.254096845825588,Yogyakarta,0.5360379445959411,5953.213745777035,0.4994853113305493,26.084803688653,7.541269959203632,0,0
108.02160576079098,-6.593878440438004,Yogyakarta,0.2317632916480591,4662.686857927011,0.4440615247388333,32.085072455431984,32.72462490032447,0,0
107.82307556162769,-6.620211788281795,Bogor,0.26966780863240836,4653.542025006839,0.2999287818219428,7.342044012702722,20.815148253687493,1,1
109.77704145403432,-6.634439290891667,Yogyakarta,0.44359197498892833,5731.996232921519,0.3572540943678962,33.53035856706242,33.812110573846866,1,1
106.93372993746468,-6.942738940071584,Semarang,0.6669347440503035,6080.1599682428005,0.43093878504427285,11.153103120143541,24.77169890754726,0,1
108.78825329308762,-6.7373022822010675,Bogor,0.6015188963418404,5444.46588576412,0.3759349258215185,27.697657252183536,17.411004286560804,1,1
108.39073349335189,-6.743925419921014,Bogor,0.6176786325919976,4562.381711862035,0.5647093124060687,10.203302925427561,8.829529186504587,0,0
109.34334382765451,-7.080333396280256,Bogor,0.26563279669301537,6387.390168597265,0.5455049068556981,39.71310658881673,31.895914534802788,1,1
108.74018633196476,-6.933087945776143,Cianjur,0.3777469280232506,4535.514541715279,0.4934497138165878,17.756021393562577,13.039935378027584,1,1
108.13006405680962,-6.645788249570538,Yogyakarta,0.3291832399664314,6487.738296472799,0.4279547320589052,13.568138188798814,20.114719361059166,0,0
110.40440274146505,-6.643585383883539,Cianjur,0.24276076592251522,5534.326116849368,0.5609135908700973,42.984016306491945,26.15223210054077,1,1
107.54131929292069,-6.76989235986123,Yogyakarta,0.41741374880150506,5938.37202740626,0.49674842192024365,10.283903213928342,8.21622356328057,0,0
109.29658238573649,-7.130256587675271,Cianjur,0.6678496912739216,5709.93814367031,0.27869963801255015,8.080813157134326,9.043149168249014,1,1
107.73200509697799,-7.461483259045968,Semarang,0.5733872421900077,6060.912838769668,0.517521142379822,16.11750507110476,33.37282667366401,1,1
107.88999926080236,-7.139813226436243,Bogor,0.6572977147478929,5622.868233819805,0.4053389158490871,38.78028301474885,24.178497831223797,0,0
109.89848788783958,-6.817864066548017,Bogor,0.505756239474189,4988.588812299285,0.5661972941867901,32.27598190736421,5.733594875286869,1,1
107.7910645120614,-6.855578273519255,Bogor,0.5892475567329679,5374.660289562629,0.5279473228763635,16.809584941383648,12.830983078167145,0,0
110.69164855296815,-6.603885391745344,Yogyakarta,0.29481586041200536,5877.527741939468,0.5644691081636328,11.800920406160916,28.499225195433116,0,0
106.78278575665263,-6.855207057444604,Cianjur,0.5521452880997014,4956.123067240475,0.40405947080690247,45.474828595068985,21.456634595033638,0,0
110.01230805982814,-6.634635691185687,Semarang,0.24172432136935618,5793.3503067738075,0.30463521589535125,24.7836037188158,6.491112783070712,0,0
108.56674029440148,-6.883365668866062,Yogyakarta,0.3056612126750498,5769.296249774349,0.42565271514766073,10.484103744241763,9.464749817336308,1,1
109.6853571667909,-7.0688975115782355,Bogor,0.31086863255135067,5426.922356008986,0.4442163966899598,27.233850722123922,12.302887056034628,0,0
109.13639453494324,-7.48358503234806,Yogyakarta,0.6007397200547526,4682.561448089483,0.27488404528790267,31.267746230023683,13.385706899518624,1,1
107.60902210076408,-6.58585306116987,Yogyakarta,0.6957421896911187,5041.399346218204,0.4160064610687162,19.56528623681278,27.286356323030954,1,0
109.94833593454455,-6.946442330013828,Yogyakarta,0.39040904622264716,5294.742243229005,0.3723285521797148,18.63388719334288,33.17070430246113,0,0
108.6512056622483,-7.14110667826022,Semarang,0.3677581921567722,4796.17827585674,0.5772239519561718,25.88230810384609,34.29954361727978,0,0
109.51931080360725,-6.80509615624724,Semarang,0.3825587240889359,5950.086361914906,0.4708547213543007,14.015834362317882,15.548809158486744,0,0
109.00922084769499,-7.045136753664799,Yogyakarta,0.345016032756307,6017.395668886248,0.25737374799030294,23.734627106148942,29.544640360631206,1,0
108.33411774157706,-7.411117995460775,Yogyakarta,0.40731094384517696,6312.214138881587,0.5289610474310611,38.281046956436214,19.20680781544396,0,0
107.28111129384064,-6.860564218346354,Yogyakarta,0.48002042455774213,4927.267006141028,0.3589721973983139,29.26094974229267,32.598136081421636,0,0
109.4625477781372,-6.561908732806518,Yogyakarta,0.6653192981763167,4986.811610235428,0.4725386593143535,18.820786307620182,12.36531136415148,0,0
108.7676683934146,-6.625485789705181,Cianjur,0.24613307285885605,6447.665633764169,0.34542288927803655,33.69137278058312,11.136245866953093,0,0
108.42460447167528,-6.672840341856666,Yogyakarta,0.284576074943452,6170.4191198731205,0.38691608942048994,28.418146013851057,26.633435627782482,0,0
107.37605083605057,-6.6526290106363835,Yogyakarta,0.3127546461823284,5587.060261337775,0.3112836335137469,46.0780273659127,16.64014599012557,1,1
107.0813017133242,-6.988238943804734,Cianjur,0.347325519581583,6214.039320230948,0.37298451408237976,15.028147100979371,19.50504984981027,0,0
110.33560698769222,-7.12786162095073,Cianjur,0.21177095772696464,5999.072883391671,0.45522903292808603,41.09476081043434,34.83483935025578,0,1
106.86083277631529,-7.397519191383337,Cianjur,0.5159080924473929,5248.759264469364,0.41736810268325597,12.12666176437331,17.110672333833378,0,0
107.53528959687272,-6.889040232284628,Yogyakarta,0.5982928612712337,6038.52030085785,0.4131576446226315,6.151374353633009,19.55765739311327,1,1
109.33833417351062,-7.03908160452595,Yogyakarta,0.45830493681791257,4554.61623110013,0.21744096985621564,14.344753038892732,16.091346069093927,1,1
108.91390795617569,-6.6360927228726325,Yogyakarta,0.4062544778931385,6221.015452215746,0.5879848039293614,40.421478252356536,23.819707662895976,1,1
109.00151084728735,-7.489572842644514,Bogor,0.3108763587115334,4899.684324812156,0.26994865770775955,18.115047638612545,9.804630671074774,0,0
108.0589058618615,-7.473894483277064,Bogor,0.32009644102900037,4985.3267848579935,0.2684171886352896,48.2285744949484,20.470684292220724,0,0
108.4350789740796,-7.482145283993454,Semarang,0.6034757946190424,5554.310522069012,0.2025411242158627,16.918760936262338,14.697973851761542,0,0
110.45123623940742,-6.85371129793124,Bogor,0.3769330025384058,4844.743340589933,0.48202263793367767,43.92388118665556,22.82340635022532,1,1
110.54839832381775,-7.4634218401115255,Semarang,0.6423519011034267,5474.896215452385,0.3909708924983031,14.146853635185025,29.3528303810343,0,0
107.32549164133658,-6.603905096217746,Cianjur,0.20472464814840452,6132.414711197542,0.5601253440003438,23.403668985249475,11.78298605536789,0,0
107.81721930353281,-7.249714176750873,Semarang,0.20514786695987203,6206.272269033921,0.3490973302045649,30.60984631325192,27.738745742316105,1,1
110.4294972233917,-6.67668003846204,Cianjur,0.5802067201801213,5934.773402161712,0.20964920696112144,18.872195404953164,33.647541935003986,1,1
109.74534230401451,-7.219085880438469,Cianjur,0.6935026949787411,5422.68319871759,0.3204491548382466,44.03030425642802,10.670847012164423,1,1
107.79413377895413,-7.1725216036272545,Yogyakarta,0.2736059691538899,5666.226673108209,0.408689299853485,29.358449430239553,12.037981203066915,1,1
109.55494605717176,-7.3713576256321405,Yogyakarta,0.5089164838330089,5555.104948565586,0.3070029608220651,14.214208532480379,7.8999606472963215,1,1
107.15298224059033,-6.976616493427954,Semarang,0.21752981116796472,5411.341149545892,0.5742183966969525,44.887123442287525,24.437968012967843,1,1
110.19781272424166,-6.625669327754116,Cianjur,0.20280774678158192,5522.954264895909,0.530652031328335,37.19319369152013,19.66725501039513,1,1
106.66404263346386,-7.325053427619036,Cianjur,0.354902194981075,4687.859243369518,0.25463347361416055,10.069869425758792,13.758346082938159,0,0
110.31878105005114,-6.914391234428891,Cianjur,0.5080399569150043,5855.697393071267,0.4938048565966238,41.72749019537912,34.983068801937534,0,0
109.67622425643182,-6.9797583913897085,Cianjur,0.47314913418477667,6009.078236682757,0.2969610221709501,43.731795092079864,13.307867507642928,1,1
106.97136442989598,-7.46638492354414,Yogyakarta,0.4389671231233786,6149.011127434325,0.5223862089845575,9.834952016718184,13.702498791460293,0,0
110.62869786392919,-6.613052747012685,Semarang,0.3092990680273636,5019.570820910465,0.47336367105715543,45.46678933516915,10.50348073098137,1,1
107.56900400574348,-7.145896512195413,Yogyakarta,0.4324486336926293,5523.570671641275,0.2280998130908062,48.56677758752644,14.324255371560797,0,0
109.18295435726347,-7.4143335980867935,Bogor,0.49812574765647816,5823.119017124927,0.4723326376778645,17.957365716677533,28.636465467164406,0,0
108.50857430639013,-7.267931334884709,Yogyakarta,0.26880292878774525,6298.279258218783,0.20892399252729282,22.246014902047712,31.219447823653415,0,0
107.71672903533518,-7.109323814821147,Bogor,0.46535432140101174,4766.979759189395,0.35134529281750526,44.39930512082957,25.600124806866024,1,1
110.6136245377689,-6.669772436098644,Semarang,0.6367325909702055,6302.68391943196,0.42090259881292047,19.83205661602532,6.968520056163863,0,0
107.48012570084181,-7.360731820137174,Semarang,0.30894962989551966,4985.594433378557,0.4167804187709061,43.316204933839664,14.30999948631385,1,1
106.7886868688112,-7.148695165077746,Yogyakarta,0.6104288800732636,5610.719008279764,0.5766678182388005,25.97490695554622,12.393682741818962,0,0
106.72659503164819,-6.835323170548104,Bogor,0.2622317451478627,6492.3157971648325,0.4548384710193998,37.32895039141279,14.552755449171759,0,0
110.05405307213611,-7.027474466188779,Yogyakarta,0.5324888412047436,6325.553224353279,0.37526496683360144,37.967424643056574,9.203958255480963,0,0
107.53696744482535,-6.919784676319915,Bogor,0.39261765588359954,4986.00557629406,0.37139404653704255,22.30614920063246,15.595669405170737,1,1
107.52097822176407,-7.404120304283229,Bogor,0.2057973171231099,6086.313123964506,0.5116284162139066,21.324203550863423,12.012349478217097,0,0
107.4185033231035,-6.727497192874909,Semarang,0.3071179154377062,5265.884081528421,0.4168017387711487,21.24782623528294,30.955474463556204,0,0
107.0261264310642,-7.328416534521119,Yogyakarta,0.6246975628718925,4862.811594533095,0.21663853277832842,48.46793571393578,24.087288592926996,1,1
106.73458023725985,-6.882820746033422,Bogor,0.34905786597848154,6292.5491754230625,0.31440596053914616,16.55414634435925,30.288865928611454,0,0
108.75603942202977,-7.344540441849851,Yogyakarta,0.48530198796123264,5560.784422844068,0.3328120058343451,23.036744963014005,21.680424524641843,1,1
110.58498738334426,-7.3796939896524725,Bogor,0.5419796153256746,6481.604935677519,0.35408762766287893,9.63431611099904,14.628841287904653,1,1
107.45959402837119,-7.331334512613342,Semarang,0.6532839559518226,6193.077393913498,0.4058335969561799,32.16252273363932,24.387345529651903,0,0
107.65493041507786,-6.89001201183494,Yogyakarta,0.6938437795668924,5208.158867059767,0.4614706801229065,10.675102000988414,17.08580159355961,1,1
106.9897423898918,-6.837019835598708,Cianjur,0.43697315412464666,5593.625839638398,0.4408479122561574,25.276204505425863,10.7279182716434,0,0
109.22002010998956,-6.66388738912184,Bogor,0.5364022718608945,5159.688415872432,0.30084371934216037,49.60217419095452,34.90186741635553,0,0
110.23495637620411,-6.7089193016851105,Cianjur,0.6845773404772204,5625.547171889904,0.2212782337677739,13.637197182217466,33.41079632338805,0,0
109.1566880267021,-6.863746772523422,Cianjur,0.5166566672622327,6336.52071792544,0.3084110159597696,5.400967233763031,18.132666279926042,1,1
109.44937998961665,-6.976601094165094,Cianjur,0.6835214153881324,5924.556229208243,0.3102607900180705,23.31682305609114,13.844838466395009,1,1
108.95655486906801,-6.864391605759164,Yogyakarta,0.4251192517568917,6037.455641064686,0.2750185901833296,44.47882403196161,12.719650881012477,0,0
107.30069893834093,-6.632154396851877,Cianjur,0.6378026864665947,5697.289753305329,0.4482084839097896,8.548168138259538,33.84602752602843,1,1
106.5370279169661,-6.739907018999597,Semarang,0.5197754998443824,5296.161308766138,0.20092468898683113,30.790339615220212,12.108579406443427,0,0
108.87546675747697,-7.180115296006409,Cianjur,0.5542089633103693,5988.467281359588,0.5793645878825062,41.38757783818704,6.812277335591816,0,0
108.55427034925737,-7.2080428752466945,Yogyakarta,0.6822509572420918,6186.7228477961025,0.5994667310872541,29.13075431014389,34.08246731570986,0,0
107.71232531220136,-7.01574436437049,Semarang,0.4581859001835148,5002.899479936497,0.43214878315250627,9.755147285484089,30.521133891661126,0,0
106.81452035730861,-7.376778377499819,Cianjur,0.5384334239029342,5837.019535108008,0.4680868337947165,18.036155077016684,16.303379094754668,0,0
109.47496845618474,-7.37731300028299,Bogor,0.44335116236601635,4688.82245432951,0.3747015407903319,17.539497293141565,14.494999849871267,0,0
107.06990252522395,-6.948739548306339,Semarang,0.48464963554029233,5237.819584433049,0.22696513220243758,42.44274963796376,10.783059619047759,0,0
107.91349948216774,-7.30275561877537,Semarang,0.6189327131796079,4985.664733271145,0.3052863556415454,20.407953658321187,7.5563060720676125,1,1
108.9391250894738,-7.0327346368339745,Semarang,0.6224436590355675,5117.884122976505,0.28763421109600723,18.386986344655856,14.329853970891746,0,0
107.50172544708228,-6.897220537093508,Semarang,0.24232580419349298,4657.222211786256,0.3716937558521326,40.59205019700134,12.35019887385996,0,0
106.76961537291312,-7.092886639801253,Cianjur,0.6824375026737615,6407.134255727882,0.2585463000754441,10.645561291821048,13.263531724889098,0,0
109.81663262112511,-7.218970500412805,Yogyakarta,0.2502957335600169,6422.871998574852,0.2243625963341438,31.215254956379457,28.52682810006818,0,0
110.44914437492555,-7.452150427467011,Yogyakarta,0.28170319564359214,5764.272489864154,0.202105767708498,49.77644225694823,14.224242713644136,0,0
110.40701573020168,-6.87695183892899,Semarang,0.5330143426975698,5722.0611510041,0.337168746489851,37.330543387429344,18.79565142600699,1,1
110.46064290614905,-6.504558784218095,Semarang,0.3500516466246967,5669.4147364977525,0.3007043342150729,42.02467529429432,31.092837738498677,0,0
108.72640706058698,-7.314725822060833,Yogyakarta,0.3268783350546569,4502.965350510985,0.4392141039822037,41.535554609978966,7.801678036395794,1,1
106.79252135742746,-6.775710789487385,Yogyakarta,0.6309114933131095,6181.699541734539,0.22752397621042875,15.730898747126338,18.680206299923327,0,0
110.5649136622284,-6.583721128936651,Cianjur,0.3686873996224975,4905.660851592317,0.20901230049939487,46.157779692931825,20.91070173272299,1,1
107.99491785390673,-7.1816114575325924,Semarang,0.405437737422053,4832.343387339989,0.34984821342501565,23.560641993293725,30.93709649315584,1,1
109.68508298114328,-6.970098439972605,Cianjur,0.2882422493011619,6441.797072739891,0.48967872007588553,45.059015289215786,16.114247387967094,0,0
107.04152991016697,-7.027708677883148,Bogor,0.28847962212975786,5028.651114658501,0.5492705042841215,30.77709300037811,18.275273251753234,1,1
109.56486916940953,-7.120973013057533,Semarang,0.25367624233895114,5789.779961014698,0.5016586214374017,42.28616868888787,15.935826381267631,0,1
108.46134936649052,-6.896293172636985,Yogyakarta,0.3892402495801752,6157.9599365673375,0.31550058190261304,47.67411860298297,22.12831550754495,0,0
107.10801898652105,-7.163581763329771,Bogor,0.44432261008611196,6190.496338292376,0.5759281773765237,39.078803349496894,32.01440388349127,0,0
107.66445293979818,-6.794227181553293,Bogor,0.6495511270309049,5792.04755210374,0.5083326350532967,9.960787517457561,13.40349060296693,0,0
110.24550246503222,-6.9393980946500236,Bogor,0.2825023705775474,6122.442183589874,0.2734254165512897,40.43013040839265,14.73269713454216,0,0
109.88985147990634,-6.533912240205632,Bogor,0.34430342234042166,5171.954537877334,0.3914023738552527,5.467444333542787,24.707357056416956,0,0
107.54969107904415,-7.123297553973355,Yogyakarta,0.3771575884073428,5101.731365401675,0.5716418519507114,26.60053029059543,25.937319459781712,0,0
107.19241534842084,-7.218577028261126,Bogor,0.3867732970461608,5733.779129311505,0.3054094770085625,32.46129721608669,24.36494651431118,0,0
109.93308448799517,-7.473330095626872,Bogor,0.25168463459995394,6173.5969952477635,0.5247375638299312,12.103595336373859,8.812989327092563,0,0
106.5545376913387,-7.270779327818307,Semarang,0.6805300247444714,5790.997175684869,0.2722352810108093,39.29018307624021,30.458168902395556,0,0
106.64386932381701,-7.3232320147229775,Semarang,0.6049192907305111,6206.40578865438,0.4212971053341152,49.401761228688585,31.05506595780205,0,0
108.76697720086538,-7.3316314255001735,Bogor,0.4173899174297979,5876.0101497379665,0.5737533720491375,32.38422235617727,21.845754476094495,0,0
110.45982976305808,-7.29925179911705,Cianjur,0.2212855414441604,6491.954884673525,0.4114036618841811,43.36792727262857,12.914351452489232,0,0
106.95129800411297,-7.238184955832626,Semarang,0.41517667219395793,4575.446248361132,0.4378788348057544,33.59924258728026,20.52512180318497,0,0
108.57651862588602,-6.986964860641197,Cianjur,0.3543793232072795,6215.05045553594,0.3379577085865185,21.47348013200758,13.732734340104809,1,1
108.08431710958637,-7.352159029118311,Yogyakarta,0.47852864650598415,5395.837238598832,0.5854587948778023,5.524992468162713,33.333215093218726,0,0
109.72296878715407,-7.2613882879468905,Bogor,0.2622193102027586,5227.10605701852,0.29705437538695184,41.87915267724716,5.486985066441999,0,0
108.42651160108902,-6.856930844237496,Semarang,0.6992041262524082,6159.598584547729,0.391080820536472,7.248959059066362,15.570981997348914,1,1
108.0899093254269,-6.514562455926853,Semarang,0.6820196844808342,4938.4526452782275,0.5579487377756371,21.512204548143767,8.089089145569156,0,0
109.7793535736386,-7.198514721114579,Bogor,0.6100570783270545,6449.077746116421,0.5831089184588474,22.383375388820223,9.185185149263543,0,1
108.66432280224141,-7.248847757666775,Cianjur,0.6693412828092717,6410.881596024952,0.5606960794516985,31.5671559897173,17.762192666833304,1,1
107.4027418181672,-6.74040973156885,Yogyakarta,0.3728042935578302,4889.184061930086,0.37935165102440704,33.624366310531336,13.753471551142841,1,1
106.89312883674152,-6.702784143719992,Bogor,0.4428788852790728,4893.490399982674,0.3292398721947145,34.24777585685699,13.520281873611752,1,1
109.20068927223157,-7.093175564619752,Yogyakarta,0.5542625315962533,6256.5561109888,0.5165782851834284,31.14166947430533,33.01862984295154,1,1
110.48195293327751,-6.901566044170151,Cianjur,0.4005942380380272,4905.981996837027,0.5188757820082477,36.35607200985942,27.064810991643785,1,1
107.69724898700791,-6.533238240422673,Bogor,0.39202338674417214,6161.941118392815,0.2922496872488763,6.725175003548598,6.257949442391095,1,1
107.53759004771018,-7.40384550978705,Yogyakarta,0.5962026113763044,5351.539840810364,0.5760481158635835,27.19771635630684,19.451607099003926,1,1
109.81568007870915,-6.680625458638924,Yogyakarta,0.47714740993156096,6337.273480139098,0.4530969928109508,17.699517316351475,5.284478236800149,1,1
106.80304539724511,-6.660502811733492,Semarang,0.370426084174298,5018.23129361381,0.20194771127582795,16.069123195902996,33.39326355223475,0,1
107.72377577614236,-7.0210816614848,Semarang,0.3709187692100886,6018.871065942599,0.24507556963642899,47.3246895683866,11.39211908745164,1,1
108.72523388676015,-6.59869715534418,Yogyakarta,0.20531292912102073,5252.6502394502095,0.5869125235508934,38.664420562016446,9.095967914374082,0,0
109.93651402576872,-6.972364687915466,Yogyakarta,0.42909101364863966,5467.9607622528565,0.5745067954260075,14.472717818014576,25.041481086383165,0,0
108.5476041376223,-6.565167760057952,Cianjur,0.5747677411976585,5770.825337462254,0.5861199274535291,8.517740950382205,10.250429532647509,1,1
106.89714739298304,-7.084498713664851,Cianjur,0.659141933301238,6304.959845249719,0.45497395615893826,46.34264573120961,22.830487671469804,1,1
108.19524857251552,-6.90440006137533,Cianjur,0.5714773887274222,5693.383147375058,0.3517293314979881,16.921420582168842,16.745137509855827,1,1
107.14423385125862,-7.396875734946849,Bogor,0.2717589900174329,6418.7499819094855,0.5609133746381245,15.322607954666315,13.397890422024958,0,0
109.22814798958751,-6.600336882103466,Yogyakarta,0.5919062716345609,5633.637758259416,0.3918633305334909,7.42681918483109,19.189009733910396,1,1
109.72911434113264,-6.840025729746984,Yogyakarta,0.3288211776386949,5090.235779670034,0.5458071177330255,16.031161664676254,31.99870363815296,1,1
108.31687597185262,-7.455795379883339,Bogor,0.4085381231208526,4729.336054379746,0.5023803470857289,42.05081204961953,9.059168188572698,1,0
108.41201546651764,-6.560715084450156,Bogor,0.5153821871964417,5240.954185760623,0.2546990534095461,23.675897149405913,22.38642740002477,0,0
106.7842076895225,-7.120954364675383,Yogyakarta,0.41435217972052696,4836.135358793189,0.25464409583692804,43.70287732163068,11.427005467481127,0,0
107.51628709694889,-6.854173692880445,Semarang,0.23573037871165237,5554.1344934662875,0.29647940556002006,28.27062242276233,26.94972661681485,1,1
109.02766009580542,-6.619529409588488,Bogor,0.536244266968146,5573.086416404659,0.5912286581578888,18.71151435286069,20.897510816182916,0,0
108.67109824009889,-7.300684008812338,Yogyakarta,0.21934276875526465,6228.322842875241,0.47792319433361247,16.33849813899587,19.883480631591905,0,0
107.82173400219759,-6.868002445024505,Yogyakarta,0.62577760496298,4703.205075013845,0.2719845935867786,34.162507761629236,17.61439098469655,0,0
110.14049926096841,-6.930880590395039,Yogyakarta,0.6239665559214413,5217.243421666399,0.22498641386835852,29.869339784775857,13.431403051658336,0,1
109.42673166790792,-6.60400583156901,Cianjur,0.2197586142068355,4757.320330477383,0.21154599235048,9.090029831985422,16.444329693758576,0,0
108.34340109943004,-7.233310418747708,Bogor,0.3660697249745678,5340.374008923668,0.5545302208425492,25.793227700467863,33.07352107353187,0,0
108.64213198681736,-6.913772123723411,Yogyakarta,0.24504170770433203,5801.463454203987,0.3157626085469331,25.639522214091187,27.630079223624527,1,1
107.51509017007989,-7.0066932865232365,Semarang,0.45676613007108546,5125.500488745293,0.3541385458292114,35.92305515070663,16.854863467982433,1,1
108.50388627518998,-7.316620219620828,Bogor,0.679831166621401,5593.546804847672,0.38955791704477083,17.468022723944596,16.721234137174573,0,0
107.97008159850547,-6.777337969243316,Bogor,0.5133312077948993,5445.823810082273,0.2901448220645258,6.830930562472542,20.206645053431007,0,0
108.64552364473586,-6.651322113576993,Cianjur,0.6471527808885748,6292.044698754528,0.2290613222728818,40.65960699087484,10.644976030730362,0,0
110.6836699544363,-7.136686550909953,Cianjur,0.30166640359853314,5828.922466271206,0.2435562161855016,5.1480839503548985,24.055508596481104,1,1
109.18823235037011,-7.4665967340145185,Yogyakarta,0.2297657736980338,5229.971790871723,0.5465331756361416,35.617664757456375,5.674560517857464,0,0
110.37105518255719,-7.138896932950057,Cianjur,0.22191333023318838,5368.536113244726,0.26476045893356226,25.98606403275004,11.31425570020081,0,0
108.20412363203795,-7.0804639681107275,Bogor,0.2264946429945398,5524.716544139131,0.5743549947759325,21.740850321012317,29.493325349713373,0,0
110.56168801628284,-7.3597643299080895,Yogyakarta,0.447475537311088,4611.413422199172,0.31702980755558596,20.02763483185928,28.752195644872323,0,0
109.94355962294357,-7.191854723802396,Semarang,0.6397202832496608,5203.145962559209,0.27114890374506917,47.55223317888374,24.024437770439484,0,0
